question,response,source
What’s something fun you did last weekend?,"I went to a local farmers market, they had amazing fresh produce and handmade crafts. It was a cool way to spend my Saturday.",gpt-4
What’s something fun you did last weekend?,I actually went hiking on a new trail with my friends. The weather was perfect and the view from the top was absolutely breathtaking!,gpt-4
What’s something fun you did last weekend?,I took a long scenic hike with my friends. It was tiring but the view from the top was absolutely worth it!,gpt-4
What’s something fun you did last weekend?,I went to a local food festival. The variety of flavors was amazing and I got to try dishes from different cultures.,gpt-4
What’s something fun you did last weekend?,I went hiking with a couple of friends at a local park. The weather was perfect and we had a great time.,gpt-4
What kind of music do you like to listen to when you're relaxing?,I'm really into chillhop and lo-fi beats when I'm winding down. They set a perfect relaxing atmosphere.,gpt-4
What kind of music do you like to listen to when you're relaxing?,I usually gravitate towards soft acoustic tunes or light jazz when I'm winding down. It's soothing and helps me relax.,gpt-4
What kind of music do you like to listen to when you're relaxing?,"When I'm chilling out, I usually put on some smooth jazz or bossa nova. They just have this calming vibe that helps me unwind.",gpt-4
What kind of music do you like to listen to when you're relaxing?,"I usually go for some smooth jazz when I'm winding down, really helps me chill out.",gpt-4
What kind of music do you like to listen to when you're relaxing?,I usually go for some smooth jazz or classical music when I'm in chill mode. It's just so calming and helps me unwind.,gpt-4
How would you define multiplication using addition?,"It's just like repeatedly adding the same number. For example, if you're multiplying 3 by 4, you're essentially adding 3 four times.",gpt-4
How would you define multiplication using addition?,"Oh, multiplication is like repeated addition. If you multiply 4 by 3, you're basically adding 4 to itself 3 times.",gpt-4
How would you define multiplication using addition?,"Multiplication is basically a shortcut for addition. If you're multiplying 3 by 4, it's the same as adding 3 together four times.",gpt-4
How would you define multiplication using addition?,"Well, it's like repeated addition. If you're multiplying 5 by 3, you're basically adding 5 to itself 3 times. So 5+5+5 equals 15, which is the same as 5 times 3.",gpt-4
How would you define multiplication using addition?,"Oh, that's simple. Multiplication is just repeated addition. Like if you're multiplying 3 by 4, you're basically adding 3 to itself 4 times.",gpt-4
Explain the concept of a binary search algorithm.,"Oh, a binary search algorithm? It's a method where you repeatedly divide a sorted list in half to find a particular value. It's quite efficient!",gpt-4
Explain the concept of a binary search algorithm.,"Binary search is like looking up a word in a dictionary. You start in the middle, if your word is earlier you look in the first half, if it's later you look in the second half. You repeat this process, cutting down your search area in half each time until you find what you're looking for.",gpt-4
Explain the concept of a binary search algorithm.,A binary search algorithm is a method where you continuously divide your search field in half until you find what you're looking for. It's a pretty efficient way to search through sorted data.,gpt-4
Explain the concept of a binary search algorithm.,A binary search algorithm is a method where you continuously divide your search area in half until you find what you're looking for. It's a pretty efficient way to search through sorted data.,gpt-4
Explain the concept of a binary search algorithm.,"Sure, it's like when you're flipping through a dictionary. A binary search algorithm splits the data in half each time, checks if the middle item is your target, if not, it decides which half to continue with, repeating this until it finds a match.",gpt-4
Is it better to be happy or to know the truth?,"Honestly, it's a tricky question. I believe it's essential to know the truth even if it's bitter. Happiness built on lies doesn't last long.",gpt-4
Is it better to be happy or to know the truth?,"I reckon it's better to know the truth. Even if it's tough, it's real and I prefer to deal with reality.",gpt-4
Is it better to be happy or to know the truth?,"I think it's better to know the truth. Happiness can be fleeting, but the truth is constant.",gpt-4
Is it better to be happy or to know the truth?,"I think it's better to know the truth. Even though it might hurt sometimes, it helps you make better decisions in life.",gpt-4
Is it better to be happy or to know the truth?,"I think it's better to know the truth, even if it might sting a bit. The truth is real, and I prefer reality over delusion any day.",gpt-4
"If no one remembers your actions, do they still matter?","Absolutely, they do. Even if nobody remembers, your actions can still leave a lasting impact. It's about the principle, not the recognition.",gpt-4
"If no one remembers your actions, do they still matter?","Definitely. Even if no one remembers, the impact of my actions could still shape things in ways that matter. It's like dropping a stone in a pond, the ripples keep going.",gpt-4
"If no one remembers your actions, do they still matter?","Definitely! Even if no one remembers, those actions still have an impact. It's like the old saying goes, character is what you do when no one is watching.",gpt-4
"If no one remembers your actions, do they still matter?","Absolutely, they still matter. Even if no one remembers, those actions shape who you are as a person.",gpt-4
"If no one remembers your actions, do they still matter?","Definitely, because even if no one remembers, those actions still have impacts and consequences. It's not always about recognition, but about doing what's right.",gpt-4
Rewrite this sentence to sound more formal: “I messed up the report.”,I regretfully made an error in the compilation of the report.,gpt-4
Rewrite this sentence to sound more formal: “I messed up the report.”,I regret to inform you that I have made errors in the preparation of the report.,gpt-4
Rewrite this sentence to sound more formal: “I messed up the report.”,I regretfully made errors in the completion of the report.,gpt-4
Rewrite this sentence to sound more formal: “I messed up the report.”,I regretfully made errors in the preparation of the report.,gpt-4
Rewrite this sentence to sound more formal: “I messed up the report.”,I have made errors in the preparation of the report.,gpt-4
Write a short email requesting an extension for a project deadline.,"Subject: Request for Project Deadline Extension

Hey there, I've hit a few unexpected snags in my project. I'm wondering if it's possible to get an extension on the deadline. I think with a bit more time, I can iron out these kinks and deliver a more quality result. Thanks for considering.",gpt-4
Write a short email requesting an extension for a project deadline.,"Subject: Request for Project Deadline Extension

Hi there, I've been working diligently on our project but due to unforeseen circumstances, I need a bit more time to ensure a quality output. Could we possibly push the deadline back a few days? Thank you for your understanding.",gpt-4
Write a short email requesting an extension for a project deadline.,"Subject: Request for Project Deadline Extension 

Hi there, I'm experiencing some unexpected hurdles with our current project. I really want to ensure the end result is top-notch, so would it be possible to extend the deadline by a few days? Thank you for your understanding.",gpt-4
Write a short email requesting an extension for a project deadline.,"Subject: Request for Project Deadline Extension

Hey there, I've run into some unexpected roadblocks with our current project. Would it be possible to extend the deadline by a few days? I want to ensure everything is top-notch. Thanks for understanding.",gpt-4
Write a short email requesting an extension for a project deadline.,"Subject: Request for Deadline Extension

Hey there,

I'm really grappling with a few unexpected challenges on this project and I could use a bit more time to resolve them. Could we possibly extend the deadline by a week? 

Thanks for considering my request.

Best,
[Your Name]",gpt-4
I’m torn between a high-paying job I dislike and one I enjoy. What should I do?,"I'd say happiness is more valuable than money. If you truly enjoy the lower paying job, it might be worth the pay cut for your well-being.",gpt-4
I’m torn between a high-paying job I dislike and one I enjoy. What should I do?,"I'd suggest following what makes you happy. It's true money is important, but your contentment and mental peace are priceless.",gpt-4
I’m torn between a high-paying job I dislike and one I enjoy. What should I do?,"You gotta weigh it out, mate. Money is important, but so is your happiness. If you think you can manage the stress for the good pay, go for it. If not, the job you enjoy might be the better choice.",gpt-4
I’m torn between a high-paying job I dislike and one I enjoy. What should I do?,"I'd say, don't underestimate the value of enjoying what you do. If it's financially feasible, go with the job you love. Money isn't everything, you know.",gpt-4
I’m torn between a high-paying job I dislike and one I enjoy. What should I do?,"I'd say go with the job you enjoy. You'll likely be happier in the long run, even if it means making a bit less money.",gpt-4
I had a fight with a close friend — should I apologize even if I wasn’t wrong?,"Of course, it's not always about who's right or wrong. Sometimes, saying sorry is about valuing the relationship more than your ego.",gpt-4
I had a fight with a close friend — should I apologize even if I wasn’t wrong?,"Absolutely, sometimes it's not about who's right or wrong. Apologizing can help mend the relationship and clear the air.",gpt-4
I had a fight with a close friend — should I apologize even if I wasn’t wrong?,"I think it's less about who's right or wrong and more about valuing the relationship. So, yeah, maybe not necessarily an apology, but reaching out to talk it out can definitely help.",gpt-4
I had a fight with a close friend — should I apologize even if I wasn’t wrong?,"If you value the friendship, then yes. Apologizing doesn't necessarily mean admitting you're wrong, it's about showing respect for the other person's feelings.",gpt-4
I had a fight with a close friend — should I apologize even if I wasn’t wrong?,"Well, it's not always about who's right or wrong. Sometimes, it's about valuing the relationship more. An apology could help mend things.",gpt-4
